{
  "urls": [
    "background.webm",
    "background.mp3"
  ],
  "sprite": {
    "cafe": [
      0,
      51577.00680272109
    ],
    "fire": [
      53000,
      60000
    ],
    "forest": [
      114000,
      60000
    ],
    "ocean": [
      175000,
      75257.36961451247
    ],
    "rain": [
      252000,
      60000
    ]
  }
}